{
  "posts": [
    {
      "id": 1,
      "title": "json-server",
      "author": "typicode"
    }
  ],
  "comments": [],
  "orders": [
    {
      "username": "",
      "address": "",
      "email": "",
      "cart": [
        {
          "id": "pig3",
          "name": "小肉豬",
          "images": "http://hots.blurfeed.com/image/Document/201604181719158632.jpg",
          "description": "外型可愛顏色討喜，女生很多都買這台來養",
          "price": 80000,
          "selected": true
        },
        {
          "id": "pig4",
          "name": "地獄山豬",
          "images": "https://www.matataiwan.com/wp-content/uploads/2013/11/Wild_Boar_frontal.jpg",
          "description": "野放山林的豬王，要騎他之前必要花時間馴服他，這台豬是超重型的，領豬牌照需申報山豬監理所",
          "price": 870000,
          "selected": true
        }
      ],
      "id": "zhpskb"
    },
    {
      "username": "我",
      "address": "我家",
      "email": "我的信箱",
      "cart": [
        {
          "id": "pig1",
          "name": "精壯瘦山豬",
          "images": "http://outlandsshooting.com/wp-content/uploads/2016/08/outlands_boar_shooting.jpg",
          "description": "比較會跑，但載重有限，不適合肥宅購買",
          "price": 20000,
          "selected": true
        },
        {
          "id": "pig2",
          "name": "大頭山豬",
          "images": "https://i.ytimg.com/vi/exW4-xbe_fs/maxresdefault.jpg",
          "description": "頭大鼻子大，衝刺的方向好控制，巴庫也夠份量",
          "price": 40000,
          "selected": true
        }
      ],
      "id": "r5zzas"
    },
    {
      "username": "123",
      "address": "123",
      "email": "123",
      "cart": [
        {
          "id": "pig1",
          "name": "精壯瘦山豬",
          "images": "http://outlandsshooting.com/wp-content/uploads/2016/08/outlands_boar_shooting.jpg",
          "description": "比較會跑，但載重有限，不適合肥宅購買",
          "price": 20000,
          "selected": true
        }
      ],
      "id": "rulo5s"
    }
  ],
  "profile": {
    "name": "typicode"
  },
  "products": [
    {
      "id": "pig1",
      "name": "精壯瘦山豬",
      "images": "http://outlandsshooting.com/wp-content/uploads/2016/08/outlands_boar_shooting.jpg",
      "description": "比較會跑，但載重有限，不適合肥宅購買",
      "price": 20000
    },
    {
      "id": "pig2",
      "name": "大頭山豬",
      "images": "https://i.ytimg.com/vi/exW4-xbe_fs/maxresdefault.jpg",
      "description": "頭大鼻子大，衝刺的方向好控制，巴庫也夠份量",
      "price": 40000
    },
    {
      "id": "pig3",
      "name": "小肉豬",
      "images": "http://hots.blurfeed.com/image/Document/201604181719158632.jpg",
      "description": "外型可愛顏色討喜，女生很多都買這台來養",
      "price": 80000
    },
    {
      "id": "pig4",
      "name": "地獄山豬",
      "images": "https://www.matataiwan.com/wp-content/uploads/2013/11/Wild_Boar_frontal.jpg",
      "description": "野放山林的豬王，要騎他之前必要花時間馴服他，這台豬是超重型的，領豬牌照需申報山豬監理所",
      "price": 870000
    }
  ]
}